0.0,0.0,0.0,0.0,0.0,0.0,0.0,0.0,0.0,0.0,0.0,0.0,0.0,0.0,0.0,0.0,0.0,0.0,0.0,0.0,0.0,0.0,0.0,0.0,0.0,0.0,0.0,0.0,0.0,0.0,0.0,0.0,0.0,0.0,0.0,0.0,0.0,0.0,0.0,0.0,0.0,0.0,0.0,0.0,0.0,0.0,0.0,0.0,0.0,0.0,0.0,0.0,0.0,0.0,0.0,0.0,0.0,0.0,0.0,0.0,0.0,0.0,0.0,0.0,0.0
0.0,0.0,0.0,0.0,0.0,0.0,0.0,0.0,0.0,0.0,0.0,0.0,0.0,0.0,0.0,0.0,0.0,0.0,0.0,0.0,0.0,0.0,0.0,0.0,0.0,0.0,0.0,0.0,0.0,0.0,0.0,0.0,0.0,0.0,0.0,0.0,0.0,0.0,0.0,0.0,0.0,0.0,0.0,0.0,0.0,0.0,0.0,0.0,0.0,0.0,0.0,0.0,0.0,0.0,0.0,0.0,0.0,0.0,0.0,0.0,0.0,0.0,0.0,0.0,0.0
0.0,0.0,0.0,0.0,0.0,0.0,0.0,0.0,0.0,0.0,0.0,0.0,0.0,0.0,0.0,0.0,0.0,0.0,0.0,0.0,0.0,0.0,0.0,0.0,0.0,0.0,0.0,0.0,0.0,0.0,0.0,0.0,0.0,0.0,0.0,0.0,0.0,0.0,0.0,0.0,0.0,0.0,0.0,0.0,0.0,0.0,0.0,0.0,0.0,0.0,0.0,0.0,0.0,0.0,0.0,0.0,0.0,0.0,0.0,0.0,0.0,0.0,0.0,0.0,0.0
0.0,0.0,0.0,0.0,0.0,0.0,0.0,0.0,0.0,0.0,0.0,0.0,0.0,0.0,0.0,0.0,0.0,0.0,0.0,0.0,0.0,0.0,0.0,0.0,0.0,0.0,0.0,0.0,0.0,0.0,0.0,0.0,0.0,0.0,0.0,0.0,0.0,0.0,0.0,0.0,0.0,0.0,0.0,0.0,0.0,0.0,0.0,0.0,0.0,0.0,0.0,0.0,0.0,0.0,0.0,0.0,0.0,0.0,0.0,0.0,0.0,0.0,0.0,0.0,0.0
0.0,0.0,0.0,0.0,0.0,0.0,0.0,0.0,0.0,0.0,0.0,0.0,0.0,0.0,0.0,0.0,0.0,0.0,0.0,0.0,0.0,0.0,0.0,0.0,0.0,0.0,0.0,0.0,0.0,0.0,0.0,0.0,0.0,0.0,0.0,0.0,0.0,0.0,0.0,0.0,0.0,0.0,0.0,0.0,0.0,0.0,0.0,0.0,0.0,0.0,0.0,0.0,0.0,0.0,0.0,0.0,0.0,0.0,0.0,0.0,0.0,0.0,0.0,0.0,0.0
0.0,0.0,0.0,0.0,0.0,0.0,0.0,0.0,0.0,0.0,0.0,0.0,0.0,0.0,0.0,0.0,0.0,0.0,0.0,0.0,0.0,0.0,0.0,0.0,0.0,0.0,0.0,0.0,0.0,0.0,0.0,0.0,0.0,0.0,0.0,0.0,0.0,0.0,0.0,0.0,0.0,0.0,0.0,0.0,0.0,0.0,0.0,0.0,0.0,0.0,0.0,0.0,0.0,0.0,0.0,0.0,0.0,0.0,0.0,0.0,0.0,0.0,0.0,0.0,0.0
0.0,0.0,0.0,0.0,0.0,0.0,0.0,0.0,0.0,0.0,0.0,0.0,0.0,0.0,0.0,0.0,0.0,0.0,0.0,0.0,0.0,0.0,0.0,0.0,0.0,0.0,0.0,0.0,0.0,0.0,0.0,0.0,0.0,0.0,0.0,0.0,0.0,0.0,0.0,0.0,0.0,0.0,0.0,0.0,0.0,0.0,0.0,0.0,0.0,0.0,0.0,0.0,0.0,0.0,0.0,0.0,0.0,0.0,0.0,0.0,0.0,0.0,0.0,0.0,0.0
0.0,0.0,0.0,0.0,0.0,0.0,0.0,0.0,0.0,0.0,0.0,0.0,0.0,0.0,0.0,0.0,0.0,0.0,0.0,0.0,0.0,0.0,0.0,0.0,0.0,0.0,0.0,0.0,0.0,0.0,0.0,0.0,0.0,0.0,0.0,0.0,0.0,0.0,0.0,0.0,0.0,0.0,0.0,0.0,0.0,0.0,0.0,0.0,0.0,0.0,0.0,0.0,0.0,0.0,0.0,0.0,0.0,0.0,0.0,0.0,0.0,0.0,0.0,0.0,0.0
0.0,0.0,0.0,0.0,0.0,0.0,0.0,0.0,0.0,0.0,0.0,0.0,0.0,0.0,0.0,0.0,0.0,0.0,0.0,0.0,0.0,0.0,0.0,0.0,0.0,0.0,0.0,0.0,0.0,0.0,0.0,0.0,0.0,0.0,0.0,0.0,0.0,0.0,0.0,0.0,0.0,0.0,0.0,0.0,0.0,0.0,0.0,0.0,0.0,0.0,0.0,0.0,0.0,0.0,0.0,0.0,0.0,0.0,0.0,0.0,0.0,0.0,0.0,0.0,0.0
0.0,0.0,0.0,0.0,0.0,0.0,0.0,0.0,0.0,0.0,0.0,0.0,0.0,0.0,0.0,0.0,0.0,0.0,0.0,0.0,0.0,0.0,0.0,0.0,0.0,0.0,0.0,0.0,0.0,0.0,0.0,0.0,0.0,0.0,0.0,0.0,0.0,0.0,0.0,0.0,0.0,0.0,0.0,0.0,0.0,0.0,0.0,0.0,0.0,0.0,0.0,0.0,0.0,0.0,0.0,0.0,0.0,0.0,0.0,0.0,0.0,0.0,0.0,0.0,0.0
0.0,0.0,0.0,0.0,0.0,0.0,0.0,0.0,0.0,0.0,0.0,0.0,0.0,0.0,0.0,0.0,0.0,0.0,0.0,0.0,0.0,0.0,0.0,0.0,0.0,0.0,0.0,0.0,0.0,0.0,0.0,0.0,0.0,0.0,0.0,0.0,0.0,0.0,0.0,0.0,0.0,0.0,0.0,0.0,0.0,0.0,0.0,0.0,0.0,0.0,0.0,0.0,0.0,0.0,0.0,0.0,0.0,0.0,0.0,0.0,0.0,0.0,0.0,0.0,0.0
0.0,0.0,0.0,0.0,0.0,0.0,0.0,0.0,0.0,0.0,0.0,0.0,0.0,0.0,0.0,0.0,0.0,0.0,0.0,0.0,0.0,0.0,0.0,0.0,0.0,0.0,0.0,0.0,0.0,0.0,0.0,0.0,0.0,0.0,0.0,0.0,0.0,0.0,0.0,0.0,0.0,0.0,0.0,0.0,0.0,0.0,0.0,0.0,0.0,0.0,0.0,0.0,0.0,0.0,0.0,0.0,0.0,0.0,0.0,0.0,0.0,0.0,0.0,0.0,0.0
0.0,0.0,0.0,0.0,0.0,0.0,0.0,0.0,0.0,0.0,0.0,0.0,0.0,0.0,0.0,0.0,0.0,0.0,0.0,0.0,0.0,0.0,0.0,0.0,0.0,0.0,0.0,0.0,0.0,0.0,0.0,0.0,0.0,0.0,0.0,0.0,0.0,0.0,0.0,0.0,0.0,0.0,0.0,0.0,0.0,0.0,0.0,0.0,0.0,0.0,0.0,0.0,0.0,0.0,0.0,0.0,0.0,0.0,0.0,0.0,0.0,0.0,0.0,0.0,0.0
0.0,0.0,0.0,0.0,0.0,0.0,0.0,0.0,0.0,0.0,0.0,0.0,0.0,0.0,0.0,0.0,0.0,0.0,0.0,0.0,0.0,0.0,0.0,0.0,0.0,0.0,0.0,0.0,0.0,0.0,0.0,0.0,0.0,0.0,0.0,0.0,0.0,0.0,0.0,0.0,0.0,0.0,0.0,0.0,0.0,0.0,0.0,0.0,0.0,0.0,0.0,0.0,0.0,0.0,0.0,0.0,0.0,0.0,0.0,0.0,0.0,0.0,0.0,0.0,0.0
0.0,0.0,0.0,0.0,0.0,0.0,0.0,0.0,0.0,0.0,0.0,0.0,0.0,0.0,0.0,0.0,0.0,0.0,0.0,0.0,0.0,0.0,0.0,0.0,0.0,0.0,0.0,0.0,0.0,0.0,0.0,0.0,0.0,0.0,0.0,0.0,0.0,0.0,0.0,0.0,0.0,0.0,0.0,0.0,0.0,0.0,0.0,0.0,0.0,0.0,0.0,0.0,0.0,0.0,0.0,0.0,0.0,0.0,0.0,0.0,0.0,0.0,0.0,0.0,0.0
0.0,0.0,0.0,0.0,0.0,0.0,0.0,0.0,0.0,0.0,0.0,0.0,0.0,0.0,0.0,0.0,0.0,0.0,0.0,0.0,0.0,0.0,0.0,0.0,0.0,0.0,0.0,0.0,0.0,0.0,0.0,0.0,0.0,0.0,0.0,0.0,0.0,0.0,0.0,0.0,0.0,0.0,0.0,0.0,0.0,0.0,0.0,0.0,0.0,0.0,0.0,0.0,0.0,0.0,0.0,0.0,0.0,0.0,0.0,0.0,0.0,0.0,0.0,0.0,0.0
0.0,0.0,0.0,0.0,0.0,0.0,0.0,0.0,0.0,0.0,0.0,0.0,0.0,0.0,0.0,0.0,0.0,0.0,0.0,0.0,0.0,0.0,0.0,0.0,0.0,0.0,0.0,0.0,0.0,0.0,0.0,0.0,0.0,0.0,0.0,0.0,0.0,0.0,0.0,0.0,0.0,0.0,0.0,0.0,0.0,0.0,0.0,0.0,0.0,0.0,0.0,0.0,0.0,0.0,0.0,0.0,0.0,0.0,0.0,0.0,0.0,0.0,0.0,0.0,0.0
0.0,0.0,0.0,0.0,0.0,0.0,0.0,0.0,0.0,0.0,0.0,0.0,0.0,0.0,0.0,0.0,0.0,0.0,0.0,0.0,0.0,0.0,0.0,0.0,0.0,0.0,0.0,0.0,0.0,0.0,0.0,0.0,0.0,0.0,0.0,0.0,0.0,0.0,0.0,0.0,0.0,0.0,0.0,0.0,0.0,0.0,0.0,0.0,0.0,0.0,0.0,0.0,0.0,0.0,0.0,0.0,0.0,0.0,0.0,0.0,0.0,0.0,0.0,0.0,0.0
0.0,0.0,0.0,0.0,0.0,0.0,0.0,0.0,0.0,0.0,0.0,0.0,0.0,0.0,0.0,0.0,0.0,0.0,0.0,0.0,0.0,0.0,0.0,0.0,0.0,0.0,0.0,0.0,0.0,0.0,0.0,0.0,0.0,0.0,0.0,0.0,0.0,0.0,0.0,0.0,0.0,0.0,0.0,0.0,0.0,0.0,0.0,0.0,0.0,0.0,0.0,0.0,0.0,0.0,0.0,0.0,0.0,0.0,0.0,0.0,0.0,0.0,0.0,0.0,0.0
0.0,0.0,0.0,0.0,0.0,0.0,0.0,0.0,0.0,0.0,0.0,0.0,0.0,0.0,0.0,0.0,0.0,0.0,0.0,0.0,0.0,0.0,0.0,0.0,0.0,0.0,0.0,0.0,0.0,0.0,0.0,0.0,0.0,0.0,0.0,0.0,0.0,0.0,0.0,0.0,0.0,0.0,0.0,0.0,0.0,0.0,0.0,0.0,0.0,0.0,0.0,0.0,0.0,0.0,0.0,0.0,0.0,0.0,0.0,0.0,0.0,0.0,0.0,0.0,0.0
0.0,0.0,0.0,0.0,0.0,0.0,0.0,0.0,0.0,0.0,0.0,0.0,0.0,0.0,0.0,0.0,0.0,0.0,0.0,0.0,0.0,0.0,0.0,0.0,0.0,0.0,0.0,0.0,0.0,0.0,0.0,0.0,0.0,0.0,0.0,139.1,0.0,0.0,0.0,0.0,0.0,0.0,0.0,0.0,0.0,0.0,0.0,0.0,0.0,0.0,0.0,0.0,0.0,0.0,0.0,0.0,0.0,0.0,0.0,0.0,0.0,0.0,0.0,0.0,0.0
0.0,0.0,0.0,0.0,0.0,0.0,0.0,0.0,0.0,0.0,0.0,0.0,0.0,0.0,0.0,0.0,0.0,0.0,0.0,0.0,0.0,0.0,0.0,0.0,0.0,0.0,0.0,0.0,0.0,0.0,0.0,2995.6,53953.5,66118.9,25970.2,42565.0,93804.3,42400.6,8275.2,27595.3,0.0,0.0,0.0,0.0,0.0,0.0,0.0,0.0,0.0,0.0,0.0,0.0,0.0,0.0,0.0,0.0,0.0,0.0,0.0,0.0,0.0,0.0,0.0,0.0,0.0
0.0,0.0,0.0,0.0,0.0,0.0,0.0,0.0,0.0,0.0,0.0,0.0,0.0,0.0,0.0,0.0,0.0,0.0,0.0,0.0,0.0,0.0,0.0,0.0,0.0,0.0,0.0,0.0,437.3,347161.1,2296022.3,4280914.7,730832.5,77324.2,6098.1,14131.3,6481.6,39679.9,100366.0,106987.9,27553.8,44807.3,6314.1,0.0,0.0,0.0,0.0,6.9,0.0,0.0,0.0,0.0,0.0,0.0,0.0,0.0,0.0,0.0,0.0,0.0,0.0,0.0,0.0,0.0,0.0
0.0,0.0,0.0,0.0,0.0,0.0,0.0,0.0,0.0,0.0,0.0,0.0,0.0,0.0,0.0,0.0,0.0,0.0,0.0,0.0,0.0,0.0,0.0,0.0,0.0,4.1,96821.5,347534.1,70649.0,108790.7,596323.0,1120322.4,2224526.2,297675.9,204710.7,183536.3,24350.0,151133.4,51069.6,27291.4,395595.1,612062.3,236555.2,56732.4,81162.5,5024.3,12835.0,6679.4,126740.3,19064.6,0.0,0.0,0.0,0.0,0.0,0.0,0.0,0.0,0.0,0.0,0.0,0.0,0.0,0.0,0.0
0.0,0.0,0.0,0.0,0.0,0.0,0.0,0.0,0.0,0.0,0.0,0.0,0.0,0.0,0.0,0.0,0.0,0.0,112.6,0.0,0.0,0.0,0.0,0.0,59.4,363544.5,249767.4,37476.3,204378.9,879319.4,264242.7,156387.2,229040.7,88860.9,28936.1,6186.6,1374.4,63513.1,2884.5,21761.6,3910.9,58635.9,2177216.8,144149.3,903036.3,280854.6,436975.3,1235130.8,136337.0,133.7,0.0,0.0,0.0,0.0,0.0,0.0,0.0,0.0,0.0,0.0,0.0,0.0,0.0,0.0,0.0
0.0,0.0,0.0,0.0,0.0,0.0,0.0,0.0,0.0,0.0,0.0,0.0,0.0,0.0,0.0,0.0,0.0,0.0,0.0,0.0,0.0,0.0,0.0,1.2,4913.4,6520132.3,258202.7,767284.4,526526.8,320816.5,45025.7,2485.7,192761.6,524475.5,16034.1,659.5,7173.6,5746.1,2091.9,39954.2,192206.4,6743.8,65048.5,4605.7,658437.1,2546010.7,314585.0,1817703.6,269792.4,83.3,0.0,0.0,0.0,0.0,0.0,0.0,0.0,0.0,0.0,0.0,0.0,0.0,0.0,0.0,0.0
0.0,0.0,0.0,0.0,0.0,0.0,0.0,0.0,0.0,0.0,0.0,0.0,0.0,0.0,0.0,0.0,0.0,0.0,0.0,0.0,0.0,0.0,178936.9,2298077.5,2346292.5,6930812.2,429791.4,63162.7,2725.0,3319.9,15261.8,3503.3,18663.9,58605.4,540.3,42.0,46.8,178.7,107.6,279.1,909.6,2694.1,10823.8,216424.6,51476.9,3479.0,6668.0,108840.5,791.1,0.0,0.0,0.0,0.0,0.0,0.0,0.0,0.0,0.0,0.0,0.0,0.0,0.0,0.0,0.0,0.0
0.0,0.0,0.0,0.0,0.0,0.0,0.0,0.0,0.0,0.0,0.0,0.0,0.0,0.0,0.0,0.0,50.9,0.0,0.0,740.8,110156.2,57996.6,449235.8,2246376.7,1142283.5,1298852.6,88644.0,2171.3,143.6,35.2,3778.9,362.9,525.5,221.0,5727.2,119.7,349.0,155.9,6372.4,2415.7,4043.5,4626.5,310904.6,50237.0,114516.7,29203.5,3021.5,5065.7,556.5,0.0,0.0,0.0,0.0,0.0,0.0,0.0,0.0,0.0,0.0,0.0,0.0,0.0,0.0,0.0,0.0
0.0,0.0,0.0,0.0,0.0,0.0,0.0,0.0,0.0,0.0,0.0,0.0,0.0,0.0,0.0,90.5,5441.1,617.9,310.4,3109.1,863.7,6825.1,604037.9,492372.1,330671.8,73308.1,1083.7,29457.7,18694.7,1345.9,103.7,1963.9,561.4,147.9,18349.7,2356.3,677.2,156.1,240.9,457.5,13588.1,46335.2,140205.3,41159.3,50798.0,11641.1,29860.5,76612.9,194538.8,0.0,0.0,0.0,0.0,0.0,0.0,0.0,0.0,0.0,0.0,0.0,0.0,0.0,0.0,0.0,0.0
0.0,0.0,0.0,0.0,0.0,0.0,0.0,0.0,0.0,0.0,0.0,0.0,0.0,0.0,1747.0,6214.0,17905.1,484.1,336.1,190.3,20099.9,5048.2,579020.4,9305.5,28584.3,56.0,897.9,2354026.7,72571.4,115.0,33.1,222.4,1560.1,405.5,3416.6,177.1,14.5,1066.4,246382.0,52606.1,2470.4,13037.3,6797.8,8128.1,68957.8,29816.1,18497.7,1148.0,211.8,0.0,0.0,0.0,0.0,0.0,0.0,0.0,0.0,0.0,0.0,0.0,0.0,0.0,0.0,0.0,0.0
0.0,0.0,0.0,0.0,0.0,0.0,0.0,0.0,0.0,0.0,0.0,0.0,0.0,99.6,1286.3,15935.3,1879.5,515.2,100.3,0.0,89471.5,199.5,20712.5,1806.3,24301.8,86413.4,145462.9,217338.6,11798.3,3486.5,105.6,3540.7,6664.0,241.3,38899.2,277.6,1391.4,24171.3,555720.2,8626.9,12142.4,8594.2,74100.8,84171.0,630315.4,33865.9,31225.5,33559.9,194.7,0.0,0.0,0.0,0.0,0.0,0.0,0.0,0.0,0.0,0.0,0.0,0.0,0.0,0.0,0.0,0.0
0.0,0.0,0.0,0.0,0.0,0.0,0.0,0.0,0.0,0.0,0.0,9851.6,65938.3,2879.4,8460.5,15991.1,19.5,347.4,3163.7,7411.9,17698.3,23634.2,6691.0,7129.8,4170.7,3114.6,21272.1,1552.7,185105.6,11168.9,2363.9,432.8,354.4,4808.3,1951.4,1366.0,107224.9,14146.2,352.6,315.5,83.1,2547.4,9174.0,2974.2,13855.6,41427.9,15027.5,10322.2,0.0,0.0,0.0,0.0,0.0,0.0,0.0,0.0,0.0,0.0,0.0,0.0,0.0,0.0,0.0,0.0,0.0
0.0,0.0,0.0,0.0,0.0,0.0,0.0,0.0,0.0,0.0,811.1,4241.3,4906.0,30183.6,134.3,126.2,4248.4,57034.1,396.2,98277.1,855.5,6899.8,29016.5,3012217.6,124417.6,158059.9,3606.9,554.6,46793.7,67933.0,3076.3,0.5,108.6,8.1,1949.3,642.5,56601.6,13258.6,16403.5,3055.4,192.9,12772.2,1892.3,10096.3,6425.8,15165.1,11245.9,26272.5,0.0,0.0,0.0,0.0,0.0,0.0,0.0,0.0,0.0,0.0,0.0,0.0,0.0,0.0,0.0,0.0,0.0
0.0,0.0,0.0,0.0,0.0,0.0,0.0,0.0,0.0,0.0,284787.2,160.4,0.5,0.0,1141.6,215317.3,18873.2,895363.2,16703.7,75486.4,331277.0,744279.4,326436.8,1842472.6,71028.7,167888.4,17720.6,4372.1,1765.6,4212.0,22561.0,13222.3,1830.4,78244.8,67.4,1187.0,12300.8,1455.2,3727.8,749.7,7124.3,4496.1,136954.5,27070.9,85310.1,33948.3,10717.1,7081.3,0.0,0.0,0.0,0.0,0.0,0.0,0.0,0.0,0.0,0.0,0.0,0.0,0.0,0.0,0.0,0.0,0.0
0.0,0.0,0.0,0.0,0.0,0.0,0.0,0.0,0.0,0.0,100.3,0.0,15091.4,19398.2,377662.5,463817.7,5504.3,14821.0,17068.2,32939.8,101399.5,305720.5,55211.7,27276.2,8562.2,13907.7,7109.3,20889.8,11234.0,1354.8,2726.2,36553.1,271935.1,1781910.3,597324.2,156749.4,91721.5,209485.3,23342.8,575.0,11624.4,47957.5,4329.2,310.5,1554.1,8426.0,66111.1,4998.9,0.0,0.0,0.0,0.0,0.0,0.0,0.0,0.0,0.0,0.0,0.0,0.0,0.0,0.0,0.0,0.0,0.0
0.0,0.0,0.0,0.0,0.0,0.0,0.0,0.0,0.0,0.0,0.0,1420.8,712973.5,118036.0,34447.6,11660.2,7787.6,9470.8,17655.1,25474.9,126395.0,13973.2,41645.6,10616.8,51943.2,9436.3,18557.9,14414.4,2581.8,257.7,998.9,23522.5,10417.1,2177.5,19458.1,8424.8,16772.0,36899.2,40419.1,3091.4,54844.7,17536.9,72111.8,12134.1,9515.6,7607.2,96283.2,7389.3,0.0,0.0,0.0,0.0,0.0,0.0,0.0,0.0,0.0,0.0,0.0,0.0,0.0,0.0,0.0,0.0,0.0
0.0,0.0,0.0,0.0,0.0,0.0,0.0,0.0,0.0,0.0,45007.1,188557.1,228101.4,47697.1,41344.4,27871.7,5698.8,21069.3,5217.4,18525.9,477.9,4101.5,5173.5,2424.0,11832.5,32778.5,35914.7,20097.1,8162.9,5366.2,10372.6,10.3,42779.6,15590.1,7349.0,1680.0,15916.8,4496.9,390.8,1599.2,71006.2,2890.8,945.6,74486.2,2284.5,1310.4,7726.4,611.4,0.0,0.0,0.0,0.0,0.0,0.0,0.0,0.0,0.0,0.0,0.0,0.0,0.0,0.0,0.0,0.0,0.0
0.0,0.0,0.0,0.0,0.0,0.0,0.0,0.0,0.0,0.0,159198.8,811940.6,39541.4,52003.9,39842.8,39582.7,57233.3,34887.6,102458.2,22072.7,11245.0,22566.5,25471.1,562.9,1182.9,27183.1,19112.2,127177.4,28876.9,6402.6,145508.2,29521.4,3599.6,314.9,46678.7,1016.2,6515.2,2161.1,15710.7,5599.6,10501.9,2394.0,10170.4,937.1,16460.1,521.3,2327.0,13301.3,0.0,0.0,0.0,0.0,0.0,0.0,0.0,0.0,0.0,0.0,0.0,0.0,0.0,0.0,0.0,0.0,0.0
0.0,0.0,0.0,0.0,0.0,0.0,0.0,0.0,0.0,139.1,24468.1,21734.7,14718.3,21972.8,12815.0,22182.7,198940.2,10707.8,22746.0,576.6,173272.4,188672.5,11815.4,12806.2,2728.2,13668.0,6948.5,10260.9,58372.3,20259.2,72976.7,43304.6,16836.4,918.9,580.2,137.6,34923.5,11933.8,6343.5,19373.2,167605.5,4839.8,1736.1,1696.3,4325.0,774.2,4353.6,0.0,0.0,0.0,0.0,0.0,0.0,0.0,0.0,0.0,0.0,0.0,0.0,0.0,0.0,0.0,0.0,0.0,0.0
0.0,0.0,0.0,0.0,0.0,0.0,0.0,0.0,0.0,2069.9,12275.3,53700.1,19825.1,144913.5,12654.5,235069.1,969403.4,379.6,489.0,5484.3,2116411.2,8346.7,45216.3,945.1,104381.1,973315.3,34634.0,6460.8,15080.9,1259.0,26627.0,93982.5,26582.6,2426.9,11924.2,337.8,230.6,830.0,2612.5,5309.1,10311.9,744.8,528.9,215.4,3081.7,1677.0,3442.7,0.0,0.0,0.0,0.0,0.0,0.0,0.0,0.0,0.0,0.0,0.0,0.0,0.0,0.0,0.0,0.0,0.0,0.0
0.0,0.0,0.0,0.0,0.0,0.0,0.0,0.0,0.0,550539.8,71022.2,47235.0,7205.8,6554.5,88293.0,38256.4,3358.9,2425.3,378.6,2423.8,727.8,813.5,24194.4,1204.6,895.1,122793.3,72756.8,14589.3,32835.3,17597.1,18382.6,55287.8,11389.7,2702.7,1927.3,1883.3,81230.3,1098.1,22604.4,14438.5,7184.1,3013.9,771.0,4003.7,1190.3,849.7,2243.4,0.0,0.0,0.0,0.0,0.0,0.0,0.0,0.0,0.0,0.0,0.0,0.0,0.0,0.0,0.0,0.0,0.0,0.0
0.0,0.0,0.0,0.0,0.0,0.0,0.0,0.0,0.0,15256.0,93028.2,295272.7,35021.1,7983.9,1948.6,6240.0,2400.0,41202.9,4722.8,139.5,202.0,53602.8,68329.7,230.0,4789.0,810.6,3091.5,20688.9,10421.9,214064.8,782097.0,3036190.1,712419.9,97595.1,6311.1,10993.4,4832.5,8254.6,52771.4,1290.0,659.5,11072.0,1100.1,5870.5,1119.9,2184.4,4941.9,0.0,0.0,0.0,0.0,0.0,0.0,0.0,0.0,0.0,0.0,0.0,0.0,0.0,0.0,0.0,0.0,0.0,0.0
0.0,0.0,0.0,0.0,0.0,0.0,0.0,0.0,0.0,11927.8,46750.4,1081229.2,267809.1,5737.9,922.0,1118.1,1444.1,645.7,8394.4,14566.3,3627.2,20459.7,2314.9,22952.5,2114.5,7252.5,550.2,1153.3,1634.3,20738.3,31102.1,34749.4,95599.9,45233.5,15675.5,4264.1,383.4,7789.4,7607.4,379.1,900.7,1659.4,8448.3,5393.1,1834.7,3438.8,730.0,0.0,0.0,0.0,0.0,0.0,0.0,0.0,0.0,0.0,0.0,0.0,0.0,0.0,0.0,0.0,0.0,0.0,0.0
0.0,0.0,0.0,0.0,0.0,0.0,0.0,0.0,0.0,1621.9,11482.6,41774.3,2323.4,12568.1,4444.3,675.7,714.7,82.0,1295.5,18897.1,168814.4,90515.0,12357.0,38456.0,29857.3,629.8,6487.1,596.5,8138.5,9226.0,3444.6,3844.6,36278.6,12999.8,39008.5,3504.4,7624.1,119289.7,44654.6,801.5,3070.7,4550.3,1803.2,29639.9,3533.1,16647.5,2952.2,0.0,0.0,0.0,0.0,0.0,0.0,0.0,0.0,0.0,0.0,0.0,0.0,0.0,0.0,0.0,0.0,0.0,0.0
0.0,0.0,0.0,0.0,0.0,0.0,0.0,0.0,0.0,5033.9,27932.5,27030.2,4667.5,394042.6,116485.2,2276.5,476.9,133.2,421.3,5639.7,190359.0,14639.0,341049.8,51977.5,223321.3,88315.7,19656.8,4664.4,5879.7,9504.8,8576.4,9767.1,6737.7,6539.3,9370.6,11660.1,14225.1,16791.3,1091.1,1001.6,3017.5,25933.1,3380.5,8641.4,3624.9,20472.1,1465.7,0.0,0.0,0.0,0.0,0.0,0.0,0.0,0.0,0.0,0.0,0.0,0.0,0.0,0.0,0.0,0.0,0.0,0.0
0.0,0.0,0.0,0.0,0.0,0.0,0.0,0.0,0.0,9360.6,22756.6,3996233.5,236339.7,9853.2,82537.5,303488.3,226100.8,1565.9,10112.6,8542.3,6548.9,25485.3,13840.8,7975.4,5502.2,45543.5,18934.2,45911.2,27426.6,4123.0,12599.2,6365.2,7583.5,10302.5,887.7,807.4,5287.2,2772.5,2769.4,973.8,4166.5,4565.3,9246.4,9685.1,4171.7,11601.4,2392.5,0.0,0.0,0.0,0.0,0.0,0.0,0.0,0.0,0.0,0.0,0.0,0.0,0.0,0.0,0.0,0.0,0.0,0.0
0.0,0.0,0.0,0.0,0.0,0.0,0.0,0.0,0.0,26390.8,127707.5,2850995.5,3472130.4,19075.6,246015.3,18661.0,27704.7,6047.2,5819.8,112533.1,46601.3,111482.5,4772.4,7607.1,12687.8,8869.6,6227.6,9669.6,58178.9,5727.5,7517.5,15020.2,8067.0,35427.2,1593.9,4226.0,11431.8,18468.6,4926.8,6360.3,6589.0,118320.2,7483.8,62376.7,4462.0,6529.2,5941.1,0.0,0.0,0.0,0.0,0.0,0.0,0.0,0.0,0.0,0.0,0.0,0.0,0.0,0.0,0.0,0.0,0.0,0.0
0.0,0.0,0.0,0.0,0.0,0.0,0.0,0.0,0.0,38052.0,15811.6,17438.0,114807.9,16261.5,503103.0,12317.4,85550.5,95116.6,26538.5,26462.8,51990.7,30063.3,9881.8,25091.9,41155.0,40557.5,26373.4,5849.9,10409.3,21326.4,26448.3,14226.9,35457.0,9348.1,1312.3,4701.4,7317.4,7833.6,4390.5,4389.8,4585.9,4272.0,4071.0,6394.3,20731.7,33084.4,41452.6,0.0,0.0,0.0,0.0,0.0,0.0,0.0,0.0,0.0,0.0,0.0,0.0,0.0,0.0,0.0,0.0,0.0,0.0
0.0,0.0,0.0,0.0,0.0,0.0,0.0,0.0,0.0,19599.2,43000.6,38245.7,1962438.1,13023.0,60018.2,11424.6,1558024.4,1010756.5,126127.2,33075.8,66672.4,55902.0,64877.1,154638.5,103286.9,37265.6,16856.2,13440.6,17378.9,40786.9,11196.2,9066.2,144619.7,18211.5,4921.0,10855.5,11098.5,4354.4,7782.8,35618.9,5277.3,20015.4,5914.4,16130.3,4115.3,10668.8,5973.9,0.0,0.0,0.0,0.0,0.0,0.0,0.0,0.0,0.0,0.0,0.0,0.0,0.0,0.0,0.0,0.0,0.0,0.0
0.0,0.0,0.0,0.0,0.0,0.0,0.0,0.0,0.0,791.7,7038.0,587989.8,479814.2,1722.4,438450.7,57195.9,61796.2,733275.3,1528041.1,628502.8,179467.9,1773465.5,103031.8,65406.0,319877.6,1043703.1,82392.0,32919.1,551123.8,85792.3,23192.3,13652.7,32202.7,46524.6,50206.1,36055.6,34505.3,21913.6,6640.2,11293.4,10392.9,13202.1,6312.8,8610.1,51982.1,20524.4,21076.0,0.0,0.0,0.0,0.0,0.0,0.0,0.0,0.0,0.0,0.0,0.0,0.0,0.0,0.0,0.0,0.0,0.0,0.0
0.0,0.0,0.0,0.0,0.0,0.0,0.0,0.0,0.0,0.0,0.0,0.0,0.0,0.0,17132.8,73559.5,72684.8,98133.4,283636.2,113345.2,190570.4,5197930.8,603229.1,111161.6,121031.5,138037.1,128067.1,50129.6,149978.2,24753.2,146626.6,35635.5,355544.8,73258.3,37866.0,73944.4,278680.1,54932.9,38936.1,20271.7,19127.2,231630.6,27090.4,77953.8,11541.4,389539.3,458398.4,0.0,0.0,0.0,0.0,0.0,0.0,0.0,0.0,0.0,0.0,0.0,0.0,0.0,0.0,0.0,0.0,0.0,0.0
0.0,0.0,0.0,0.0,0.0,0.0,0.0,0.0,0.0,0.0,0.0,0.0,0.0,0.0,0.0,8038.7,514059.8,3588783.0,293447.2,71008.0,162513.7,237793.7,103582.2,40645.8,62832.4,417948.0,574739.5,52047.1,23527.1,56043.0,220300.0,28320.9,59802.2,895891.9,32715.3,136088.0,62492.7,43022.2,31191.2,25240.2,40523.4,55736.9,19314.8,20014.1,10049.9,8793.7,1735.3,0.0,0.0,0.0,0.0,0.0,0.0,0.0,0.0,0.0,0.0,0.0,0.0,0.0,0.0,0.0,0.0,0.0,0.0
0.0,0.0,0.0,0.0,0.0,0.0,0.0,0.0,0.0,0.0,0.0,0.0,0.0,0.0,0.0,0.0,711833.2,2335527.6,151607.2,150503.7,336551.7,272042.0,41346.7,25415.8,71157.0,188118.2,132710.5,123168.9,51375.6,414287.0,1095087.8,125326.7,53626.4,38152.2,49982.9,38052.8,53234.4,36034.3,69085.6,72129.2,69791.0,34737.6,60377.0,1831.3,10263.6,5217.3,239.5,0.0,0.0,0.0,0.0,0.0,0.0,0.0,0.0,0.0,0.0,0.0,0.0,0.0,0.0,0.0,0.0,0.0,0.0
0.0,0.0,0.0,0.0,0.0,0.0,0.0,0.0,0.0,0.0,0.0,0.0,0.0,0.0,0.0,0.0,645.2,353770.2,85363.0,47571.4,185081.2,237305.0,153022.5,51977.8,138448.1,246073.6,500597.2,224169.9,49793.0,262617.7,623357.6,47453.8,27413.3,509648.7,156538.8,76784.6,42610.7,153137.1,344742.0,393357.2,96066.6,32423.5,24858.9,2939.9,5672.9,12039.9,501.1,0.0,0.0,0.0,0.0,0.0,0.0,0.0,0.0,0.0,0.0,0.0,0.0,0.0,0.0,0.0,0.0,0.0,0.0
0.0,0.0,0.0,0.0,0.0,0.0,0.0,0.0,0.0,0.0,0.0,0.0,0.0,0.0,0.0,0.0,0.0,180379.2,90001.0,80880.0,80479.8,153356.2,65310.0,143309.0,101863.2,54827.6,158113.2,479849.9,88016.9,101532.0,55393.8,42161.4,38281.0,202242.3,95970.2,52537.5,119205.9,174177.2,2725255.8,336286.5,42290.1,19424.1,57993.2,4844.1,15668.9,10079.4,531.9,0.0,0.0,0.0,0.0,0.0,0.0,0.0,0.0,0.0,0.0,0.0,0.0,0.0,0.0,0.0,0.0,0.0,0.0
0.0,0.0,0.0,0.0,0.0,0.0,0.0,0.0,0.0,0.0,0.0,0.0,0.0,0.0,0.0,0.0,0.0,204916.3,179323.3,182765.5,65128.7,210251.5,61621.5,221547.0,647448.5,66318.6,87734.6,60910.9,148759.2,202994.1,210110.1,50466.0,59210.9,63529.3,114347.5,194267.0,50650.5,230184.9,139600.3,93778.7,20723.4,185221.7,18337.6,5319.1,2854.5,1060.0,63.2,0.0,0.0,0.0,0.0,0.0,0.0,0.0,0.0,0.0,0.0,0.0,0.0,0.0,0.0,0.0,0.0,0.0,0.0
0.0,0.0,0.0,0.0,0.0,0.0,0.0,0.0,0.0,0.0,0.0,0.0,0.0,0.0,0.0,0.0,2.5,256420.7,166683.4,66775.3,44371.7,74785.0,41366.9,41531.0,99727.6,80991.2,59884.9,31487.4,86235.8,154064.4,85973.9,114705.2,110521.5,201431.6,255200.8,76845.5,75236.5,182761.1,179738.8,27655.9,21181.5,19694.4,4137.9,197.7,316.2,9.4,0.8,0.0,0.0,0.0,0.0,0.0,0.0,0.0,0.0,0.0,0.0,0.0,0.0,0.0,0.0,0.0,0.0,0.0,0.0
0.0,0.0,0.0,0.0,0.0,0.0,0.0,0.0,0.0,0.0,0.0,0.0,0.0,0.0,0.0,0.0,13454.5,379682.9,869097.1,96324.6,144619.5,41697.0,95072.1,59702.8,103550.6,152298.5,103863.8,60346.9,163189.6,2143649.9,172269.6,74873.6,128712.9,372436.1,102522.8,161261.7,95669.1,101344.8,114443.9,42923.7,38267.3,2108.2,2962.5,6500.3,1502.0,8.6,7.1,0.0,0.0,0.0,0.0,0.0,0.0,0.0,0.0,0.0,0.0,0.0,0.0,0.0,0.0,0.0,0.0,0.0,0.0
0.0,0.0,0.0,0.0,0.0,0.0,0.0,0.0,0.0,0.0,0.0,0.0,0.0,0.0,0.0,0.0,15073.5,708109.9,393807.4,106781.0,404295.3,168242.6,70226.4,118813.4,1247949.8,181948.2,103924.7,168094.1,147116.1,338031.9,119298.8,266649.3,406903.2,100661.4,396142.6,481276.1,496378.3,108632.8,183490.6,51738.9,22112.6,12032.3,6918.7,110383.8,5834.6,208.7,16.9,0.0,0.0,0.0,0.0,0.0,0.0,0.0,0.0,0.0,0.0,0.0,0.0,0.0,0.0,0.0,0.0,0.0,0.0
0.0,0.0,0.0,0.0,0.0,0.0,0.0,0.0,0.0,0.0,0.0,0.0,0.0,0.0,0.0,0.0,2088.4,14.4,313601.3,176608.0,113935.8,131784.5,110008.5,198029.3,126573.5,214102.4,130510.9,164486.2,152363.8,92149.7,120849.8,344619.7,211713.9,562976.1,2959008.5,960683.8,1235145.9,523276.1,342525.0,28002.4,36343.0,34591.3,12924.1,0.5,3123.1,546.3,17.9,0.0,0.0,0.0,0.0,0.0,0.0,0.0,0.0,0.0,0.0,0.0,0.0,0.0,0.0,0.0,0.0,0.0,0.0
0.0,0.0,0.0,0.0,0.0,0.0,0.0,0.0,0.0,0.0,0.0,0.0,0.0,0.0,0.0,0.0,0.0,0.0,567082.3,69523.3,31972.4,43045.0,110257.9,86081.2,178143.5,71959.4,152977.6,155275.5,312890.0,159710.5,117591.9,194643.2,65089.9,1120327.4,4553136.7,529170.2,22446.1,128539.8,46601.0,37854.0,44544.1,45344.1,0.0,0.0,2553.2,2035.6,2196.3,0.0,0.0,0.0,0.0,0.0,0.0,0.0,0.0,0.0,0.0,0.0,0.0,0.0,0.0,0.0,0.0,0.0,0.0
0.0,0.0,0.0,0.0,0.0,0.0,0.0,0.0,0.0,0.0,0.0,0.0,0.0,0.0,0.0,0.0,0.0,0.0,538080.1,92385.5,25948.5,79636.8,752052.8,199865.4,398810.1,254734.9,1322527.4,151776.5,186074.2,137726.4,275874.9,509496.4,315475.3,187705.3,512539.5,166022.2,246590.6,59316.3,30824.5,193.0,11417.0,1653.0,0.0,4.2,3964.1,2117.1,67.7,0.0,0.0,0.0,0.0,0.0,0.0,0.0,0.0,0.0,0.0,0.0,0.0,0.0,0.0,0.0,0.0,0.0,0.0
0.0,0.0,0.0,0.0,0.0,0.0,0.0,0.0,0.0,0.0,0.0,0.0,0.0,0.0,0.0,0.0,0.0,0.0,266208.6,73641.4,51364.4,416622.0,518066.5,329270.3,375523.5,376309.3,454910.2,241401.4,223533.2,1132020.5,238476.4,1596561.6,415503.3,290066.4,411961.0,729725.2,606118.0,100884.5,166734.9,67910.7,9674.5,3666.1,46.5,3216.6,1203.4,1053.5,2.8,0.0,0.0,0.0,0.0,0.0,0.0,0.0,0.0,0.0,0.0,0.0,0.0,0.0,0.0,0.0,0.0,0.0,0.0
0.0,0.0,0.0,0.0,0.0,0.0,0.0,0.0,0.0,0.0,0.0,0.0,0.0,0.0,0.0,0.0,0.0,2868.1,232538.1,270259.5,75477.9,225084.4,186885.3,301702.2,588384.1,321210.7,220849.6,97924.9,195952.8,315743.6,877376.1,410176.3,185827.4,477965.1,191497.3,606537.3,215589.0,219541.7,67529.4,56046.4,27136.6,109735.4,17.6,60.9,36.5,127.7,7136.5,0.0,0.0,0.0,0.0,0.0,0.0,0.0,0.0,0.0,0.0,0.0,0.0,0.0,0.0,0.0,0.0,0.0,0.0
0.0,0.0,0.0,0.0,0.0,0.0,0.0,0.0,0.0,0.0,0.0,0.0,0.0,0.0,0.0,0.0,0.0,19236.4,80578.9,87732.5,53968.2,344028.2,857493.2,3907348.7,288264.7,262634.6,667233.9,212812.9,233880.3,522996.0,851411.2,1230654.1,270945.1,278307.5,781919.2,2075322.4,739093.1,132402.3,34272.8,32687.1,1196.4,7411.9,10.3,2529.4,12.8,8995.2,122.4,0.0,0.0,0.0,0.0,0.0,0.0,0.0,0.0,0.0,0.0,0.0,0.0,0.0,0.0,0.0,0.0,0.0,0.0
0.0,0.0,0.0,0.0,0.0,0.0,0.0,0.0,0.0,0.0,0.0,0.0,0.0,0.0,0.0,0.0,0.0,348.2,373105.6,151706.4,234701.0,300813.2,451020.0,1674647.7,385737.5,140008.4,475141.4,141670.2,99348.2,112856.6,188169.6,572103.2,1498772.2,305405.9,131571.3,2383918.5,314005.6,25526.5,0.0,0.0,10103.6,21422.5,44.1,365.9,2008.8,3050.9,39.7,0.0,0.0,0.0,0.0,0.0,0.0,0.0,0.0,0.0,0.0,0.0,0.0,0.0,0.0,0.0,0.0,0.0,0.0
0.0,0.0,0.0,0.0,0.0,0.0,0.0,0.0,0.0,0.0,0.0,0.0,0.0,0.0,0.0,0.0,0.0,42673.2,106786.6,195348.1,126110.9,130933.6,107681.5,96301.0,653455.1,599890.5,295236.2,431170.8,168194.5,292854.2,201032.4,204915.4,319336.3,701399.0,1522315.6,80018.1,301945.4,64400.1,56541.4,11192.9,4313.3,164815.2,2174.0,546.5,42846.3,10155.2,0.0,0.0,0.0,0.0,0.0,0.0,0.0,0.0,0.0,0.0,0.0,0.0,0.0,0.0,0.0,0.0,0.0,0.0,0.0
0.0,0.0,0.0,0.0,0.0,0.0,0.0,0.0,0.0,0.0,17.8,0.0,0.0,9.1,754135.9,2765365.4,573729.5,566076.1,203855.0,69420.0,113652.4,179018.8,142689.5,512055.9,344107.9,560569.3,408561.0,154906.8,147610.1,306495.8,92803.7,194775.3,246331.1,1002752.9,579265.2,35048.3,493586.7,834530.0,138891.5,6230.8,15890.1,22494.1,887.9,20579.3,11398.6,2881.1,0.0,0.0,0.0,0.0,0.0,0.0,0.0,0.0,0.0,0.0,0.0,0.0,0.0,0.0,0.0,0.0,0.0,0.0,0.0
0.0,0.0,0.0,0.0,0.0,0.0,0.0,0.0,0.0,0.0,25983.3,406.4,28610.3,1177748.6,299186.4,927201.4,2391957.0,394282.6,1411444.9,188607.7,173924.3,494327.7,74189.0,555517.7,453044.5,2213546.0,721599.5,249053.2,223464.2,75674.4,66587.1,271125.3,790808.3,1308826.2,245605.0,292457.3,325730.5,5961157.8,1282739.5,156946.6,35839.5,74555.1,6829.3,10119.9,45785.8,17200.1,0.1,0.1,0.0,0.0,0.0,0.0,0.0,0.0,0.0,0.0,0.0,0.0,0.0,0.0,0.0,0.0,0.0,0.0,0.0
0.0,0.0,0.0,0.0,0.0,0.0,0.0,0.0,0.0,0.0,359.7,20285.7,2686.4,89699.0,109237.8,322070.9,853404.9,324523.4,0.0,0.0,0.0,146580.9,695626.3,205027.2,251538.7,241101.1,997731.5,541606.5,408365.3,77385.0,43125.7,104788.0,405243.7,302119.6,109213.7,181250.5,1345061.0,441060.4,691304.4,47684.5,3191.4,3181.0,0.0,401.3,49229.3,13300.4,1739.3,1.2,0.0,0.0,0.0,0.0,0.0,0.0,0.0,0.0,0.0,0.0,0.0,0.0,0.0,0.0,0.0,0.0,0.0
0.0,0.0,0.0,0.0,0.0,0.0,0.0,0.0,0.0,0.0,9.0,17058.5,2301045.6,3050461.9,1085424.9,259674.9,0.0,0.0,0.0,0.0,0.0,0.0,92567.5,273714.4,195893.7,661476.9,1488864.3,351566.6,239049.9,309845.2,257204.1,286625.2,152067.3,339771.4,61270.1,101922.7,198800.9,762925.4,191025.4,34876.3,21747.3,53746.1,0.0,1.0,6024.9,2608.8,23.3,9.6,0.0,0.0,0.0,0.0,0.0,0.0,0.0,0.0,0.0,0.0,0.0,0.0,0.0,0.0,0.0,0.0,0.0
0.0,0.0,0.0,0.0,0.0,0.0,0.0,0.0,0.0,0.0,33.5,0.0,1578.9,12.8,11.5,0.0,0.0,0.0,0.0,0.0,0.0,0.0,0.0,67422.6,261186.7,168370.7,883852.8,279906.5,104533.0,942710.7,966098.4,2405293.0,568684.1,343793.2,218392.2,178944.9,218073.3,210120.6,173153.9,76872.4,106942.9,23377.4,11408.8,0.2,7.4,10.0,514.6,1533.2,0.0,0.0,0.0,0.0,0.0,0.0,0.0,0.0,0.0,0.0,0.0,0.0,0.0,0.0,0.0,0.0,0.0
0.0,0.0,0.0,0.0,0.0,0.0,0.0,0.0,0.0,0.0,0.0,18.4,24.4,263.9,39768.6,302.4,0.0,0.0,0.0,0.0,0.0,0.0,0.0,0.0,281620.5,281841.9,397047.1,100597.0,266908.2,401323.3,549418.2,4778513.8,1413251.0,1016150.1,436630.5,274235.3,240564.7,627568.6,136131.0,136440.7,1440884.0,62616.2,34117.2,47.9,83.7,2004.9,15.0,11236.4,0.0,0.0,0.0,0.0,0.0,0.0,0.0,0.0,0.0,0.0,0.0,0.0,0.0,0.0,0.0,0.0,0.0
0.0,0.0,0.0,0.0,0.0,0.0,0.0,0.0,0.0,0.0,355.8,4521.5,1158.6,888.5,19132.0,0.0,0.0,0.0,0.0,0.0,0.0,0.0,0.0,0.0,0.0,97655.6,26414.1,117944.0,1513549.0,81480.5,184684.8,407312.9,1427436.4,3247565.3,783322.8,235091.9,126438.7,266686.0,9830.5,55051.5,242670.2,392286.1,18566.9,2253.7,1313.4,7.5,0.5,3.7,0.0,0.0,0.0,0.0,0.0,0.0,0.0,0.0,0.0,0.0,0.0,0.0,0.0,0.0,0.0,0.0,0.0
0.0,0.0,0.0,0.0,0.0,0.0,0.0,0.0,0.0,0.0,490.8,150.9,289816.9,10027.0,10067.2,0.0,0.0,0.0,0.0,0.0,0.0,0.0,0.0,0.0,0.0,0.0,5948.7,36400.4,0.0,675.4,78718.1,178310.2,1465954.9,3101896.0,4459631.6,744671.8,221669.9,855786.7,109400.2,61831.1,417798.8,4057384.4,141066.9,2667.2,10866.2,1827.5,34940.1,8.6,0.8,0.0,0.0,0.0,0.0,0.0,0.0,0.0,0.0,0.0,0.0,0.0,0.0,0.0,0.0,0.0,0.0
0.0,0.0,0.0,0.0,0.0,0.0,0.0,0.0,0.0,0.0,0.0,2838.6,7132.7,110.7,0.0,0.0,0.0,0.0,0.0,0.0,0.0,0.0,0.0,0.0,0.0,0.0,0.0,0.0,0.0,0.0,0.0,0.0,82203.9,654070.9,11723355.1,1452413.9,266700.8,151958.5,108273.0,270736.4,146451.3,379667.3,340227.8,59682.4,173.8,47240.7,36864.4,11.2,1.0,0.0,0.0,0.0,0.0,0.0,0.0,0.0,0.0,0.0,0.0,0.0,0.0,0.0,0.0,0.0,0.0
0.0,0.0,0.0,0.0,0.0,0.0,0.0,0.0,0.0,0.0,0.0,1327.0,77.0,0.0,0.0,0.0,0.0,0.0,0.0,0.0,0.0,0.0,0.0,0.0,0.0,0.0,0.0,0.0,0.0,0.0,0.0,0.0,0.0,0.0,644252.0,1570190.7,1215137.5,370021.8,214150.7,86082.1,57215.3,224507.5,102372.9,954003.3,7549.8,154760.0,3550.6,0.0,0.0,0.0,0.0,0.0,0.0,0.0,0.0,0.0,0.0,0.0,0.0,0.0,0.0,0.0,0.0,0.0,0.0
0.0,0.0,0.0,0.0,0.0,0.0,0.0,0.0,0.0,0.0,0.0,201.4,0.0,0.0,0.0,0.0,0.0,0.0,0.0,0.0,0.0,0.0,0.0,0.0,0.0,0.0,0.0,0.0,0.0,0.0,0.0,0.0,0.0,0.0,2177.8,265598.1,2490756.2,3608325.5,509129.8,120146.2,42418.0,17500.9,75384.6,37046.7,57456.4,40595.8,2986.9,0.0,0.0,0.0,0.0,0.0,0.0,0.0,0.0,0.0,0.0,0.0,0.0,0.0,0.0,0.0,0.0,0.0,0.0
0.0,0.0,0.0,0.0,0.0,0.0,0.0,0.0,0.0,0.0,0.0,437.6,0.0,0.0,0.0,0.0,0.0,0.0,0.0,0.0,0.0,0.0,0.0,0.0,0.0,0.0,0.0,0.0,0.0,0.0,0.0,0.0,0.0,0.0,0.0,21498.1,686537.7,42994.5,110792.9,403105.7,194662.8,32407.9,344.2,3.5,11607.4,29163.4,67280.7,29513.9,13.5,0.0,0.0,0.0,0.0,0.0,0.0,0.0,0.0,0.0,0.0,0.0,0.0,0.0,0.0,0.0,0.0
0.0,0.0,0.0,0.0,0.0,0.0,0.0,0.0,0.0,0.0,0.0,0.0,0.0,0.0,0.0,0.0,0.0,0.0,0.0,0.0,0.0,0.0,0.0,0.0,0.0,0.0,0.0,0.0,0.0,0.0,0.0,0.0,0.0,0.0,0.0,10550.7,27150.1,0.0,0.0,32259.7,107951.0,119766.1,15987.8,21761.3,73516.1,532.2,32377.4,19258.2,848.1,84.9,0.0,0.0,0.0,0.0,0.0,0.0,0.0,0.0,0.0,0.0,0.0,0.0,0.0,0.0,0.0
0.0,0.0,0.0,0.0,0.0,0.0,0.0,0.0,0.0,0.0,0.0,0.0,0.0,0.0,0.0,0.0,0.0,0.0,0.0,0.0,0.0,0.0,0.0,0.0,0.0,0.0,0.0,0.0,0.0,0.0,0.0,0.0,0.0,0.0,0.0,0.0,0.0,0.0,0.0,0.0,27764.7,21825.6,11952.1,43696.3,5251.3,8751.0,28326.3,10631.0,393.6,0.0,0.0,0.0,0.0,0.0,0.0,0.0,0.0,0.0,0.0,0.0,0.0,0.0,0.0,0.0,0.0
0.0,0.0,0.0,0.0,0.0,0.0,0.0,0.0,0.0,0.0,0.0,0.0,0.0,0.0,0.0,0.0,0.0,0.0,0.0,0.0,0.0,0.0,0.0,0.0,0.0,0.0,0.0,0.0,0.0,0.0,0.0,0.0,0.0,0.0,0.0,0.0,0.0,0.0,0.0,0.0,0.0,22802.0,44685.8,107656.8,2160.8,584.8,6527.1,0.0,0.0,0.0,0.0,0.0,0.0,0.0,0.0,0.0,0.0,0.0,0.0,0.0,0.0,0.0,0.0,0.0,0.0
0.0,0.0,0.0,0.0,0.0,0.0,0.0,0.0,0.0,0.0,0.0,0.0,0.0,0.0,0.0,0.0,0.0,0.0,0.0,0.0,0.0,0.0,0.0,0.0,0.0,0.0,0.0,0.0,0.0,0.0,0.0,0.0,0.0,0.0,0.0,0.0,0.0,0.0,0.0,2.3,22105.8,1338.9,63229.0,0.0,0.0,0.0,0.0,0.0,0.0,0.0,0.0,0.0,0.0,0.0,0.0,0.0,0.0,0.0,0.0,0.0,0.0,0.0,0.0,0.0,0.0
0.0,0.0,0.0,0.0,0.0,0.0,0.0,0.0,0.0,0.0,0.0,0.0,0.0,0.0,0.0,0.0,0.0,0.0,0.0,0.0,0.0,0.0,0.0,0.0,0.0,0.0,0.0,0.0,0.0,0.0,0.0,0.0,0.0,0.0,0.0,0.0,0.0,0.0,0.0,0.0,0.0,0.0,0.0,0.0,0.0,0.0,0.0,0.0,0.0,0.0,0.0,0.0,0.0,0.0,0.0,0.0,0.0,0.0,0.0,0.0,0.0,0.0,0.0,0.0,0.0
0.0,0.0,0.0,0.0,0.0,0.0,0.0,0.0,0.0,0.0,0.0,0.0,0.0,0.0,0.0,0.0,0.0,0.0,0.0,0.0,0.0,0.0,0.0,0.0,0.0,0.0,0.0,0.0,0.0,0.0,0.0,0.0,0.0,0.0,0.0,0.0,0.0,0.0,0.0,0.0,0.0,0.0,0.0,0.0,0.0,0.0,0.0,0.0,0.0,0.0,0.0,0.0,0.0,0.0,0.0,0.0,0.0,0.0,0.0,0.0,0.0,0.0,0.0,0.0,0.0
0.0,0.0,0.0,0.0,0.0,0.0,0.0,0.0,0.0,0.0,0.0,0.0,0.0,0.0,0.0,0.0,0.0,0.0,0.0,0.0,0.0,0.0,0.0,0.0,0.0,0.0,0.0,0.0,0.0,0.0,0.0,0.0,0.0,0.0,0.0,0.0,0.0,0.0,0.0,0.0,0.0,0.0,0.0,0.0,0.0,0.0,0.0,0.0,0.0,0.0,0.0,0.0,0.0,0.0,0.0,0.0,0.0,0.0,0.0,0.0,0.0,0.0,0.0,0.0,0.0
0.0,0.0,0.0,0.0,0.0,0.0,0.0,0.0,0.0,0.0,0.0,0.0,0.0,0.0,0.0,0.0,0.0,0.0,0.0,0.0,0.0,0.0,0.0,0.0,0.0,0.0,0.0,0.0,0.0,0.0,0.0,0.0,0.0,0.0,0.0,0.0,0.0,0.0,0.0,0.0,0.0,0.0,0.0,0.0,0.0,0.0,0.0,0.0,0.0,0.0,0.0,0.0,0.0,0.0,0.0,0.0,0.0,0.0,0.0,0.0,0.0,0.0,0.0,0.0,0.0
0.0,0.0,0.0,0.0,0.0,0.0,0.0,0.0,0.0,0.0,0.0,0.0,0.0,0.0,0.0,0.0,0.0,0.0,0.0,0.0,0.0,0.0,0.0,0.0,0.0,0.0,0.0,0.0,0.0,0.0,0.0,0.0,0.0,0.0,0.0,0.0,0.0,0.0,0.0,0.0,0.0,0.0,0.0,0.0,0.0,0.0,0.0,0.0,0.0,0.0,0.0,0.0,0.0,0.0,0.0,0.0,0.0,0.0,0.0,0.0,0.0,0.0,0.0,0.0,0.0
0.0,0.0,0.0,0.0,0.0,0.0,0.0,0.0,0.0,0.0,0.0,0.0,0.0,0.0,0.0,0.0,0.0,0.0,0.0,0.0,0.0,0.0,0.0,0.0,0.0,0.0,0.0,0.0,0.0,0.0,0.0,0.0,0.0,0.0,0.0,0.0,0.0,0.0,0.0,0.0,0.0,0.0,0.0,0.0,0.0,0.0,0.0,0.0,0.0,0.0,0.0,0.0,0.0,0.0,0.0,0.0,0.0,0.0,0.0,0.0,0.0,0.0,0.0,0.0,0.0
0.0,0.0,0.0,0.0,0.0,0.0,0.0,0.0,0.0,0.0,0.0,0.0,0.0,0.0,0.0,0.0,0.0,0.0,0.0,0.0,0.0,0.0,0.0,0.0,0.0,0.0,0.0,0.0,0.0,0.0,0.0,0.0,0.0,0.0,0.0,0.0,0.0,0.0,0.0,0.0,0.0,0.0,0.0,0.0,0.0,0.0,0.0,0.0,0.0,0.0,0.0,0.0,0.0,0.0,0.0,0.0,0.0,0.0,0.0,0.0,0.0,0.0,0.0,0.0,0.0
0.0,0.0,0.0,0.0,0.0,0.0,0.0,0.0,0.0,0.0,0.0,0.0,0.0,0.0,0.0,0.0,0.0,0.0,0.0,0.0,0.0,0.0,0.0,0.0,0.0,0.0,0.0,0.0,0.0,0.0,0.0,0.0,0.0,0.0,0.0,0.0,0.0,0.0,0.0,0.0,0.0,0.0,0.0,0.0,0.0,0.0,0.0,0.0,0.0,0.0,0.0,0.0,0.0,0.0,0.0,0.0,0.0,0.0,0.0,0.0,0.0,0.0,0.0,0.0,0.0
0.0,0.0,0.0,0.0,0.0,0.0,0.0,0.0,0.0,0.0,0.0,0.0,0.0,0.0,0.0,0.0,0.0,0.0,0.0,0.0,0.0,0.0,0.0,0.0,0.0,0.0,0.0,0.0,0.0,0.0,0.0,0.0,0.0,0.0,0.0,0.0,0.0,0.0,0.0,0.0,0.0,0.0,0.0,0.0,0.0,0.0,0.0,0.0,0.0,0.0,0.0,0.0,0.0,0.0,0.0,0.0,0.0,0.0,0.0,0.0,0.0,0.0,0.0,0.0,0.0
0.0,0.0,0.0,0.0,0.0,0.0,0.0,0.0,0.0,0.0,0.0,0.0,0.0,0.0,0.0,0.0,0.0,0.0,0.0,0.0,0.0,0.0,0.0,0.0,0.0,0.0,0.0,0.0,0.0,0.0,0.0,0.0,0.0,0.0,0.0,0.0,0.0,0.0,0.0,0.0,0.0,0.0,0.0,0.0,0.0,0.0,0.0,0.0,0.0,0.0,0.0,0.0,0.0,0.0,0.0,0.0,0.0,0.0,0.0,0.0,0.0,0.0,0.0,0.0,0.0
